City_ID,City,Country,Date,Lat,Lng,Max Temp,Humidity,Cloudiness,Wind Speed
0,Avarua,CK,2021-12-20 02:50:51,-21.2078,-159.775,82.45,69,75,6.91
1,Barrow,US,2021-12-20 02:50:16,71.2906,-156.7887,6.82,78,90,33.38
2,Bluff,NZ,2021-12-20 02:49:37,-46.6,168.3333,63.81,84,99,30.65
3,Marstal,DK,2021-12-20 02:52:19,54.8562,10.5173,39.9,76,0,17.22
4,Castro,BR,2021-12-20 02:52:20,-24.7911,-50.0119,54.43,93,15,5.95
5,Rikitea,PF,2021-12-20 02:49:33,-23.1203,-134.9692,74.5,85,100,15.17
6,Thompson,CA,2021-12-20 02:47:22,55.7435,-97.8558,-9.24,84,75,6.91
7,Omsukchan,RU,2021-12-20 02:52:20,62.5333,155.8,-38.97,98,29,3.2
8,Aktau,KZ,2021-12-20 02:52:21,43.65,51.2,37.98,86,77,12.01
9,Mitsamiouli,KM,2021-12-20 02:52:21,-11.3847,43.2844,80.4,73,83,6.11
10,Strezhevoy,RU,2021-12-20 02:52:22,60.7333,77.5889,-25.62,85,100,10.56
11,Mnogovershinnyy,RU,2021-12-20 02:52:23,53.9353,139.9242,-5.93,77,18,4.79
12,Vila Velha,BR,2021-12-20 02:52:23,-20.3297,-40.2925,69.75,94,90,2.3
13,Airai,TL,2021-12-20 02:51:39,-8.9266,125.4092,74.01,67,100,2.01
14,Ankazoabo,MG,2021-12-20 02:52:24,-22.2833,44.5167,70.23,63,12,5.48
15,Grand Gaube,MU,2021-12-20 02:52:24,-20.0064,57.6608,80.38,76,80,1.99
16,Puerto Montt,CL,2021-12-20 02:52:25,-41.4698,-72.9447,56.23,88,0,8.05
17,Punta Arenas,CL,2021-12-20 02:52:25,-53.15,-70.9167,44.71,81,75,13.8
18,Vaini,TO,2021-12-20 02:52:26,-21.2,-175.2,87.96,79,40,10.36
19,La Serena,CL,2021-12-20 02:52:27,-29.9078,-71.2542,60.31,88,90,8.05
20,Launceston,AU,2021-12-20 02:52:27,-41.45,147.1667,69.44,49,75,33.38
21,Abu Samrah,SY,2021-12-20 02:52:28,35.3029,37.1841,48.47,60,2,16.93
22,Okha,RU,2021-12-20 02:52:28,53.5739,142.9478,-0.04,74,6,10.11
23,Hermanus,ZA,2021-12-20 02:49:53,-34.4187,19.2345,66.9,81,99,17.63
24,Albany,US,2021-12-20 02:48:54,42.6001,-73.9662,24.75,74,13,11.01
25,Vao,NC,2021-12-20 02:52:29,-22.6667,167.4833,77.13,87,65,15.61
26,Mataura,NZ,2021-12-20 02:49:45,-46.1927,168.8643,63.48,81,94,12.86
27,Ponta Do Sol,PT,2021-12-20 02:52:30,32.6667,-17.1,69.01,91,100,18.77
28,Zhigansk,RU,2021-12-20 02:50:28,66.7697,123.3711,-41.58,97,99,4.23
29,Asau,RO,2021-12-20 02:52:31,46.4333,26.4,36.52,91,80,2.66
30,Basco,PH,2021-12-20 02:52:32,20.4487,121.9702,74.08,78,100,24.02
31,Victoria,HK,2021-12-20 02:50:32,22.2855,114.1577,62.65,80,100,5.01
32,Faya,SA,2021-12-20 02:52:33,18.3851,42.4509,51.91,91,34,3.47
33,Ushuaia,AR,2021-12-20 02:47:13,-54.8,-68.3,40.66,70,40,10.36
34,Nieuw Amsterdam,SR,2021-12-20 02:52:34,5.8833,-55.0833,78.03,90,59,7.05
35,East London,ZA,2021-12-20 02:52:34,-33.0153,27.9116,66.36,86,34,10.71
36,Ukiah,US,2021-12-20 02:50:02,39.1502,-123.2078,48.63,77,90,5.75
37,Kodiak,US,2021-12-20 02:52:35,57.79,-152.4072,32.83,82,19,5.17
38,Miyakonojo,JP,2021-12-20 02:52:36,31.7333,131.0667,51.44,53,22,6.04
39,Subirana,HN,2021-12-20 02:52:36,15.2,-87.45,64.76,97,14,1.88
40,Cape Town,ZA,2021-12-20 02:50:01,-33.9258,18.4232,70.11,74,0,3.0
41,Provideniya,RU,2021-12-20 02:52:37,64.3833,-173.3,33.91,93,90,20.13
42,Bardiyah,LY,2021-12-20 02:52:37,31.7561,25.0865,52.75,59,54,21.83
43,Lagoa,PT,2021-12-20 02:50:05,39.05,-27.9833,56.84,81,100,38.95
44,Codrington,AU,2021-12-20 02:52:38,-38.2667,141.9667,73.18,43,26,24.14
45,San Carlos De Bariloche,AR,2021-12-20 02:48:06,-41.1456,-71.3082,60.55,55,0,4.61
46,Yellowknife,CA,2021-12-20 02:49:06,62.456,-114.3525,-21.48,76,75,6.91
47,Port Alfred,ZA,2021-12-20 02:49:49,-33.5906,26.891,65.95,91,78,9.01
48,Severo-Kurilsk,RU,2021-12-20 02:52:39,50.6789,156.125,27.52,79,87,14.65
49,Dikson,RU,2021-12-20 02:52:39,73.5069,80.5464,-29.76,99,89,3.85
50,Preobrazheniye,RU,2021-12-20 02:52:40,42.9019,133.9064,28.2,59,73,2.37
51,Guzelyurt,TR,2021-12-20 02:52:40,38.2772,34.3719,29.19,97,100,1.52
52,New Norfolk,AU,2021-12-20 02:49:34,-42.7826,147.0587,67.5,78,100,16.4
53,Polyarnyy,RU,2021-12-20 02:52:41,69.1989,33.4478,7.27,75,100,21.54
54,Biak,ID,2021-12-20 02:52:41,-0.9131,122.8766,84.72,67,96,1.79
55,Kapaa,US,2021-12-20 02:52:19,22.0752,-159.319,73.72,78,90,7.0
56,Gat,IL,2021-12-20 02:52:42,31.61,34.7642,56.91,44,16,18.48
57,Mar Del Plata,AR,2021-12-20 02:48:52,-38.0023,-57.5575,69.1,94,0,3.0
58,Busselton,AU,2021-12-20 02:51:05,-33.65,115.3333,81.05,35,0,6.53
59,Port Elizabeth,ZA,2021-12-20 02:52:43,-33.918,25.5701,65.1,88,0,6.91
60,Belem De Sao Francisco,BR,2021-12-20 02:52:43,-8.7539,-38.9658,79.68,60,94,11.99
61,Oksfjord,NO,2021-12-20 02:52:44,70.2396,22.3479,23.92,93,99,1.97
62,Caravelas,BR,2021-12-20 02:52:45,-17.7125,-39.2481,72.95,92,95,4.81
63,Durham,US,2021-12-20 02:52:45,36.0335,-78.8664,39.52,92,34,1.01
64,Vestmanna,FO,2021-12-20 02:52:46,62.1564,-7.1664,40.12,93,90,5.75
65,Liverpool,GB,2021-12-20 02:52:46,53.4106,-2.9779,42.13,97,90,1.99
66,Katsuura,JP,2021-12-20 02:50:16,35.1333,140.3,48.31,44,0,4.5
67,Fort Nelson,CA,2021-12-20 02:50:52,58.8053,-122.7002,7.57,95,100,2.44
68,Coquimbo,CL,2021-12-20 02:51:51,-29.9533,-71.3436,60.53,88,90,8.05
69,Tiksi,RU,2021-12-20 02:52:47,71.6872,128.8694,-15.56,100,100,3.71
70,Jamestown,US,2021-12-20 02:49:17,42.097,-79.2353,26.71,89,40,1.01
71,Leningradskiy,RU,2021-12-20 02:52:48,69.3833,178.4167,-2.2,87,100,9.17
72,Shaoyang,CN,2021-12-20 02:52:49,27.2315,111.4525,56.68,28,47,3.04
73,Carnarvon,AU,2021-12-20 02:52:49,-24.8667,113.6333,82.47,57,0,13.8
74,Belyy Yar,RU,2021-12-20 02:52:50,53.6039,91.3903,15.85,88,90,0.0
75,Lebu,CL,2021-12-20 02:52:50,-37.6167,-73.65,56.84,94,27,16.11
76,Leeton,AU,2021-12-20 02:52:51,-34.5667,146.4,78.89,27,5,4.61
77,Atuona,PF,2021-12-20 02:51:46,-9.8,-139.0333,77.85,75,4,12.62
78,Nouadhibou,MR,2021-12-20 02:52:52,20.931,-17.0347,67.08,73,100,8.84
79,Nome,US,2021-12-20 02:52:52,64.5011,-165.4064,35.67,87,90,26.46
80,Sabang,ID,2021-12-20 02:52:53,5.8933,95.3214,79.72,85,100,27.67
81,Longyearbyen,SJ,2021-12-20 02:52:53,78.2186,15.6401,24.64,74,75,8.05
82,Butaritari,KI,2021-12-20 02:52:54,3.0707,172.7902,82.15,74,95,15.61
83,Komsomolskiy,UZ,2021-12-20 02:52:51,40.4272,71.7189,38.62,70,75,6.91
84,Ushibuka,JP,2021-12-20 02:52:55,32.1906,130.0228,52.41,56,91,4.18
85,Teahupoo,PF,2021-12-20 02:52:56,-17.8333,-149.2667,76.96,73,44,13.65
86,Chiredzi,ZW,2021-12-20 02:52:56,-21.05,31.6667,66.9,74,100,2.93
87,Hilo,US,2021-12-20 02:51:53,19.7297,-155.09,74.12,46,90,0.0
88,Verkh-Suetka,RU,2021-12-20 02:52:57,53.3,80.05,29.46,94,100,12.77
89,Minuri,PH,2021-12-20 02:52:58,16.535,121.8574,73.18,98,100,1.03
90,Kattivakkam,IN,2021-12-20 02:52:58,13.2167,80.3167,75.29,87,30,10.54
91,Saint Anthony,US,2021-12-20 02:52:58,45.0205,-93.218,30.88,71,90,5.01
92,Narsaq,GL,2021-12-20 02:52:59,60.9167,-46.05,34.36,64,100,15.37
93,Labrea,BR,2021-12-20 02:52:59,-7.2586,-64.7981,74.32,99,100,0.22
94,Kulu,TR,2021-12-20 02:53:00,39.0951,33.0799,28.9,96,80,7.36
95,Rio Grande,BR,2021-12-20 02:53:00,-32.035,-52.0986,69.94,81,0,16.87
96,Chetumal,MX,2021-12-20 02:53:01,18.5,-88.3,76.57,87,4,7.0
97,Corrente,BR,2021-12-20 02:53:01,-3.7367,-43.3394,74.39,90,99,1.36
98,Bambous Virieux,MU,2021-12-20 02:52:35,-20.3428,57.7575,80.22,83,40,5.75
99,Mount Isa,AU,2021-12-20 02:53:02,-20.7333,139.5,96.57,26,0,6.91
100,Praya,CV,2021-12-20 02:53:03,14.9215,-23.5087,72.14,83,75,11.5
101,Ostrovnoy,RU,2021-12-20 02:53:03,68.0531,39.5131,19.6,84,100,20.83
102,Hami,CN,2021-12-20 02:53:04,42.8,93.45,26.08,46,0,0.51
103,Arraial Do Cabo,BR,2021-12-20 02:47:12,-22.9661,-42.0278,72.16,79,54,9.69
104,Lavrentiya,RU,2021-12-20 02:53:04,65.5833,-171.0,33.76,98,100,18.23
105,La Libertad,EC,2021-12-20 02:53:05,-2.2333,-80.9,71.51,92,100,6.89
106,Poso,ID,2021-12-20 02:50:08,-1.3959,120.7524,86.54,65,86,4.68
107,Nishihara,JP,2021-12-20 02:53:06,26.1842,127.7558,66.25,52,40,0.0
108,Hervey Bay,AU,2021-12-20 02:53:06,-25.2986,152.8535,89.04,59,89,7.47
109,Manyana,BW,2021-12-20 02:53:06,-23.4,21.7167,68.29,73,87,9.95
110,Nikolskoye,RU,2021-12-20 02:53:07,59.7035,30.7861,19.4,91,100,11.27
111,Naryan-Mar,RU,2021-12-20 02:53:07,67.6713,53.087,-8.05,92,99,9.82
112,Chokurdakh,RU,2021-12-20 02:53:07,70.6333,147.9167,-2.22,96,100,15.05
113,Tura,IN,2021-12-20 02:53:08,25.5198,90.2201,64.67,50,0,0.94
114,Cap Malheureux,MU,2021-12-20 02:53:08,-19.9842,57.6142,80.47,76,79,1.99
115,Quatre Cocos,MU,2021-12-20 02:53:09,-20.2078,57.7625,80.1,75,55,4.83
116,Beira,MZ,2021-12-20 02:53:11,-19.8436,34.8389,74.08,79,89,7.85
117,Norman Wells,CA,2021-12-20 02:50:33,65.282,-126.8329,1.44,78,90,4.61
118,Faanui,PF,2021-12-20 02:53:12,-16.4833,-151.75,80.26,76,26,9.89
119,Batagay,RU,2021-12-20 02:53:12,67.6333,134.6333,-49.23,99,49,2.62
120,La Ronge,CA,2021-12-20 02:53:06,55.1001,-105.2842,-10.95,70,90,12.66
121,Xining,CN,2021-12-20 02:53:13,36.6167,101.7667,26.89,30,0,1.83
122,Puerto Quijarro,BO,2021-12-20 02:53:14,-17.7833,-57.7667,75.47,93,95,1.83
123,Vostok,RU,2021-12-20 02:53:14,46.4856,135.8833,9.63,86,99,3.33
124,Eyl,SO,2021-12-20 02:53:15,7.9803,49.8164,75.49,81,54,15.93
125,Ribeira Grande,PT,2021-12-20 02:50:15,38.5167,-28.7,60.58,58,100,35.19
126,Hobart,AU,2021-12-20 02:53:15,-42.8794,147.3294,67.86,45,75,24.16
127,Lompoc,US,2021-12-20 02:53:16,34.6391,-120.4579,51.12,85,20,1.01
128,Hasaki,JP,2021-12-20 02:50:18,35.7333,140.8333,52.29,43,0,7.18
129,Jalu,LY,2021-12-20 02:53:16,29.0331,21.5482,47.98,72,25,9.57
130,Hamilton,US,2021-12-20 02:49:04,39.1834,-84.5333,35.04,82,90,3.44
131,Sao Filipe,CV,2021-12-20 02:53:15,14.8961,-24.4956,73.02,80,100,7.43
132,Staryy Nadym,RU,2021-12-20 02:53:17,65.6118,72.6842,-28.03,87,72,11.41
133,Saint George,US,2021-12-20 02:53:18,37.1041,-113.5841,40.32,59,1,1.01
134,Bredasdorp,ZA,2021-12-20 02:53:18,-34.5322,20.0403,65.52,82,100,12.66
135,Genhe,CN,2021-12-20 02:53:19,50.7833,121.5167,8.02,77,100,11.12
136,Juegang,CN,2021-12-20 02:53:19,32.3174,121.1855,53.78,36,51,10.42
137,Tuatapere,NZ,2021-12-20 02:53:20,-46.1333,167.6833,63.82,88,100,13.6
138,Egvekinot,RU,2021-12-20 02:51:53,66.3167,-179.1667,-13.56,99,47,2.75
139,Cabo San Lucas,MX,2021-12-20 02:50:02,22.8909,-109.9124,71.15,76,2,4.43
140,Isangel,VU,2021-12-20 02:52:24,-19.55,169.2667,87.91,79,40,11.5
141,Tilichiki,RU,2021-12-20 02:53:20,60.4667,166.1,-18.26,97,40,6.85
142,Nantucket,US,2021-12-20 02:53:21,41.2835,-70.0995,37.51,67,90,25.32
143,The Valley,AI,2021-12-20 02:53:21,18.217,-63.0578,78.66,72,97,21.34
144,Villamontes,BO,2021-12-20 02:53:21,-21.25,-63.5,73.13,95,100,1.39
145,Phan Thiet,VN,2021-12-20 02:53:22,10.9333,108.1,80.49,69,92,2.44
146,Lalmohan,BD,2021-12-20 02:53:22,22.3384,90.7419,64.71,46,0,11.5
147,Key Largo,US,2021-12-20 02:50:08,25.0865,-80.4473,75.97,80,3,5.95
148,Myaundzha,RU,2021-12-20 02:53:23,63.0494,147.1858,-43.17,100,97,2.15
149,Shimoda,JP,2021-12-20 02:53:24,34.6667,138.95,51.1,58,65,1.36
150,Qaanaaq,GL,2021-12-20 02:53:24,77.484,-69.3632,21.24,70,100,9.48
151,Sandwick,GB,2021-12-20 02:53:24,60.0,-1.25,39.02,75,90,4.61
152,Morondava,MG,2021-12-20 02:53:25,-20.2833,44.2833,77.94,73,72,1.57
153,Hithadhoo,MV,2021-12-20 02:53:25,-0.6,73.0833,82.49,75,98,7.74
154,Oranjemund,NA,2021-12-20 02:53:25,-28.55,16.4333,60.64,85,1,4.97
155,Ayan,RU,2021-12-20 02:53:26,56.45,138.1667,-4.85,64,29,10.78
156,Meghri,AM,2021-12-20 02:53:26,38.9029,46.2446,42.62,70,4,7.67
157,Gobabis,NA,2021-12-20 02:53:27,-22.45,18.9667,67.6,62,83,10.96
158,Alofi,NU,2021-12-20 02:53:27,-19.0595,-169.9187,84.09,65,42,16.11
159,El Dorado,US,2021-12-20 02:53:27,38.7666,-120.5177,40.3,70,14,3.0
160,Kaitangata,NZ,2021-12-20 02:53:28,-46.2817,169.8464,71.33,48,100,11.68
161,Gura Calitei,RO,2021-12-20 02:53:28,45.5833,27.0167,33.12,75,55,6.78
162,Cherskiy,RU,2021-12-20 02:53:00,68.75,161.3,-24.0,97,100,21.88
163,Vila Franca Do Campo,PT,2021-12-20 02:52:47,37.7167,-25.4333,57.61,90,99,15.35
164,Pangnirtung,CA,2021-12-20 02:50:15,66.1451,-65.7125,12.2,85,90,6.91
165,Tasiilaq,GL,2021-12-20 02:52:19,65.6145,-37.6368,21.22,63,96,9.75
166,Kaz,RU,2021-12-20 02:53:29,52.9113,87.3105,24.39,95,100,2.89
167,Goderich,CA,2021-12-20 02:53:30,43.7501,-81.7165,26.92,74,88,6.91
168,Upernavik,GL,2021-12-20 02:50:23,72.7868,-56.1549,23.52,71,94,8.93
169,Sitka,US,2021-12-20 02:53:30,57.0531,-135.33,31.75,62,7,3.89
170,Pevek,RU,2021-12-20 02:53:30,69.7008,170.3133,-12.8,95,100,20.45
171,Herouville-Saint-Clair,FR,2021-12-20 02:53:31,49.2109,-0.3065,42.62,93,90,9.22
172,Olga,RU,2021-12-20 02:53:31,43.7444,135.2892,23.81,41,88,3.04
173,Carutapera,BR,2021-12-20 02:53:32,-1.195,-46.02,79.25,80,100,6.44
174,Olafsvik,IS,2021-12-20 02:53:32,64.8945,-23.7142,41.31,78,100,2.84
175,Port Shepstone,ZA,2021-12-20 02:53:04,-30.7414,30.455,64.42,85,0,9.44
176,Georgetown,MY,2021-12-20 02:53:33,5.4112,100.3354,84.13,74,20,5.99
177,Central Point,US,2021-12-20 02:50:53,42.376,-122.9164,47.7,91,75,1.01
178,Pisco,PE,2021-12-20 02:53:34,-13.7,-76.2167,68.05,83,0,5.75
179,Erzin,TR,2021-12-20 02:53:34,36.9559,36.2,46.92,90,100,9.82
180,Puerto Ayora,EC,2021-12-20 02:53:35,-0.7393,-90.3518,69.67,92,100,7.0
181,Carahue,CL,2021-12-20 02:53:35,-38.7,-73.1667,57.4,94,15,2.21
182,Vera Cruz,BR,2021-12-20 02:53:37,-12.6333,-41.0333,70.25,89,100,1.19
183,Khatanga,RU,2021-12-20 02:53:37,71.9667,102.5,-11.7,98,100,11.41
184,Mackay,AU,2021-12-20 02:52:59,-21.15,149.2,90.68,62,14,10.36
185,Tikrit,IQ,2021-12-20 02:53:38,34.6071,43.6782,53.55,56,100,8.81
186,Saldanha,ZA,2021-12-20 02:53:38,-33.0117,17.9442,60.85,84,94,3.8
187,Baykit,RU,2021-12-20 02:53:39,61.67,96.37,-32.87,98,17,1.7
188,Hanover,DE,2021-12-20 02:53:40,52.3705,9.7332,37.85,93,0,3.44
189,Papetoai,PF,2021-12-20 02:53:40,-17.4961,-149.8729,81.99,72,26,10.85
190,Chuy,UY,2021-12-20 02:53:40,-33.6971,-53.4616,65.79,88,0,9.64
191,Torbay,CA,2021-12-20 02:53:41,47.6666,-52.7314,24.58,79,90,5.75
192,Forest Grove,US,2021-12-20 02:53:40,45.5198,-123.1107,41.59,84,100,1.01
193,Champerico,GT,2021-12-20 02:53:41,14.3,-91.9167,80.76,79,2,7.94
194,Qidong,CN,2021-12-20 02:53:42,31.8128,121.6561,60.04,43,11,9.37
195,Ulladulla,AU,2021-12-20 02:52:31,-35.35,150.4667,86.77,49,4,9.31
196,Honningsvag,NO,2021-12-20 02:53:42,70.9821,25.9704,30.97,53,100,16.96
197,Aklavik,CA,2021-12-20 02:53:43,68.2191,-135.0107,-1.37,100,99,7.54
198,Sola,VU,2021-12-20 02:53:43,-13.8833,167.55,82.08,73,82,6.67
199,Mbarara,UG,2021-12-20 02:53:43,-0.608,30.65,62.49,93,100,1.9
200,Kununurra,AU,2021-12-20 02:53:44,-15.7667,128.7333,94.98,52,85,11.5
201,Vardo,NO,2021-12-20 02:53:39,70.3705,31.1107,28.35,68,100,23.42
202,Benjamin Hill,MX,2021-12-20 02:53:44,30.1667,-111.1,57.16,35,0,3.71
203,Smithers,CA,2021-12-20 02:53:44,54.7804,-127.1743,-1.88,78,40,2.3
204,Udachnyy,RU,2021-12-20 02:53:45,66.4167,112.4,-15.83,98,100,6.82
205,Tuktoyaktuk,CA,2021-12-20 02:50:12,69.4541,-133.0374,-14.8,76,90,19.57
206,Zemio,CF,2021-12-20 02:53:46,5.0314,25.1361,71.19,47,100,3.71
207,Flinders,AU,2021-12-20 02:53:47,-34.5833,150.8552,87.8,68,10,9.4
208,Port Hedland,AU,2021-12-20 02:53:14,-20.3167,118.5667,93.25,66,75,27.63
209,Huarmey,PE,2021-12-20 02:53:47,-10.0681,-78.1522,67.71,84,71,6.44
210,Souillac,MU,2021-12-20 02:53:47,-20.5167,57.5167,80.37,83,40,5.75
211,Kasongo,CD,2021-12-20 02:53:48,-4.45,26.6667,67.91,99,100,2.37
212,Puerto Parra,CO,2021-12-20 02:53:49,6.6515,-74.0573,73.94,98,99,1.41
213,Kano,NG,2021-12-20 02:53:49,12.0001,8.5167,60.96,25,2,10.89
214,Sept-Iles,CA,2021-12-20 02:53:50,50.2001,-66.3821,12.06,73,40,3.0
215,Bubaque,GW,2021-12-20 02:53:51,11.2833,-15.8333,81.25,53,4,15.23
216,Viking,CA,2021-12-20 02:53:52,53.1001,-111.7684,12.33,100,46,6.6
217,La Joya,MX,2021-12-20 02:53:52,18.6667,-99.4667,72.39,62,81,4.68
218,Tonstad,NO,2021-12-20 02:53:53,58.6626,6.7169,32.25,57,0,3.74
219,Ussel,FR,2021-12-20 02:53:54,45.55,2.3167,32.31,71,0,3.13
220,Nanortalik,GL,2021-12-20 02:53:54,60.1432,-45.2371,39.13,72,100,27.87
221,Seymchan,RU,2021-12-20 02:53:54,62.8833,152.4333,-49.02,99,61,0.54
222,Yar-Sale,RU,2021-12-20 02:53:55,66.8333,70.8333,-25.42,100,100,9.37
223,Thunder Bay,CA,2021-12-20 02:51:03,48.4001,-89.3168,27.55,86,90,6.91
224,Bethel,US,2021-12-20 02:53:56,41.3712,-73.414,29.05,71,4,1.99
225,Beringovskiy,RU,2021-12-20 02:53:56,63.05,179.3167,3.04,88,100,9.91
226,Charters Towers,AU,2021-12-20 02:53:57,-20.1,146.2667,94.24,25,88,10.51
227,Kathmandu,NP,2021-12-20 02:49:00,27.7167,85.3167,41.22,93,20,3.44
228,Krasnoselkup,RU,2021-12-20 02:53:58,65.7,82.4667,-36.04,98,19,5.61
229,Saskylakh,RU,2021-12-20 02:53:58,71.9167,114.0833,-7.92,98,100,9.82
230,Tonj,SS,2021-12-20 02:53:59,7.2737,28.6822,74.32,35,82,6.78
231,High Level,CA,2021-12-20 02:53:59,58.5169,-117.136,1.51,92,75,2.3
232,Ust-Kuyga,RU,2021-12-20 02:53:59,70.0167,135.6,-26.45,98,100,4.14
233,Presidente Medici,BR,2021-12-20 02:54:00,-11.1753,-61.9014,73.29,98,100,2.84
234,Whitehorse,CA,2021-12-20 02:54:00,60.7161,-135.0538,-3.98,79,20,5.99
235,Waynesville,US,2021-12-20 02:51:54,35.4887,-82.9887,42.73,88,54,1.99
236,Namibe,AO,2021-12-20 02:51:37,-15.1961,12.1522,68.76,71,56,8.34
237,Methala,IN,2021-12-20 02:54:01,10.2166,76.2166,75.2,64,1,4.32
238,Ilulissat,GL,2021-12-20 02:54:02,69.2167,-51.1,26.37,69,100,8.48
239,Toowoomba,AU,2021-12-20 02:54:02,-27.55,151.9667,87.26,50,100,1.01
240,Kosa,RU,2021-12-20 02:54:03,59.9445,54.9977,2.34,97,92,5.44
241,Sur,OM,2021-12-20 02:54:03,22.5667,59.5289,67.96,66,23,2.15
242,Oktyabrskiy,RU,2021-12-20 02:54:04,54.4815,53.471,24.67,93,98,17.67
243,Nioro,GM,2021-12-20 02:54:04,13.35,-15.75,75.45,17,51,7.92
244,Arawa,PG,2021-12-20 02:54:05,-6.2132,155.5367,84.27,82,100,3.6
245,Beloha,MG,2021-12-20 02:54:05,-25.1667,45.05,67.41,71,95,10.92
246,Sao Miguel Do Araguaia,BR,2021-12-20 02:54:06,-13.275,-50.1628,72.12,92,35,3.4
247,Altay,CN,2021-12-20 02:54:06,47.8667,88.1167,25.79,70,99,3.13
248,Lethem,GY,2021-12-20 02:54:07,3.3803,-59.7968,77.85,78,98,8.59
249,Gorontalo,ID,2021-12-20 02:54:07,0.5412,123.0595,89.92,56,100,5.14
250,Bengkulu,ID,2021-12-20 02:54:08,-3.8004,102.2655,81.25,68,100,5.73
251,Saint-Philippe,RE,2021-12-20 02:54:08,-21.3585,55.7679,80.47,83,37,7.07
252,Port-Gentil,GA,2021-12-20 02:54:09,-0.7193,8.7815,80.92,78,75,3.6
253,Quanzhou,CN,2021-12-20 02:54:09,24.9139,118.5858,61.16,43,99,2.37
254,Tual,ID,2021-12-20 02:53:41,-5.6667,132.75,84.38,68,92,2.15
255,Sistranda,NO,2021-12-20 02:54:10,63.7256,8.834,40.89,63,100,16.51
256,Sao Joao Da Barra,BR,2021-12-20 02:54:11,-21.6403,-41.0511,72.77,83,97,9.46
257,Ipixuna,BR,2021-12-20 02:54:06,-1.7625,-48.8043,78.75,97,100,3.15
258,Touros,BR,2021-12-20 02:50:07,-5.1989,-35.4608,81.5,78,100,9.62
259,Hearst,CA,2021-12-20 02:54:11,49.6835,-83.6665,14.25,88,100,13.49
260,Yuancheng,CN,2021-12-20 02:54:12,36.652,107.7896,38.98,15,38,11.07
261,Semporna,MY,2021-12-20 02:54:13,4.4818,118.6112,86.2,76,100,10.96
262,Cidreira,BR,2021-12-20 02:50:27,-30.1811,-50.2056,70.38,82,0,22.66
263,Hirara,JP,2021-12-20 02:53:13,24.8,125.2833,69.66,56,20,9.22
264,Anchorage,US,2021-12-20 02:51:08,61.2181,-149.9003,22.64,87,90,0.0
265,Vestmannaeyjar,IS,2021-12-20 02:54:14,63.4427,-20.2734,45.72,82,100,4.36
266,Kavieng,PG,2021-12-20 02:54:15,-2.5744,150.7967,82.72,75,82,2.17
267,Bilma,NE,2021-12-20 02:54:15,18.6853,12.9164,55.42,36,0,11.27
268,Beidao,CN,2021-12-20 02:54:16,34.5686,105.8933,42.06,30,4,0.51
269,Goba,ET,2021-12-20 02:54:17,7.0167,39.9833,48.7,87,57,3.09
270,Lazaro Cardenas,MX,2021-12-20 02:54:17,17.9583,-102.2,78.46,73,98,3.78
271,Teya,RU,2021-12-20 02:52:47,60.3778,92.6267,-36.44,98,26,2.46
272,Korla,CN,2021-12-20 02:54:18,41.7597,86.1469,23.4,54,47,1.63
273,Mayo,US,2021-12-20 02:54:18,38.8876,-76.5119,37.74,61,21,5.01
274,Banda Aceh,ID,2021-12-20 02:54:19,5.5577,95.3222,78.58,86,100,20.36
275,Maarianhamina,AX,2021-12-20 02:54:19,60.0973,19.9348,28.26,59,75,16.11
276,Markala,ML,2021-12-20 02:54:20,13.7021,-6.0659,69.93,16,32,10.02
277,Mahebourg,MU,2021-12-20 02:53:40,-20.4081,57.7,80.26,83,40,5.75
278,Ninghai,CN,2021-12-20 02:54:20,29.2892,121.4247,54.73,51,17,2.98
279,Ferrol,ES,2021-12-20 02:54:21,43.4832,-8.2369,55.65,68,100,8.63
280,Novyy Buyan,RU,2021-12-20 02:54:22,53.6861,50.0469,30.36,95,100,17.9
281,Kedougou,SN,2021-12-20 02:54:22,12.5579,-12.1743,75.31,24,39,3.62
282,Kardla,EE,2021-12-20 02:54:23,58.9978,22.7492,27.01,68,100,20.6
283,Karratha,AU,2021-12-20 02:52:20,-20.7377,116.8463,93.24,50,9,21.5
284,Walvis Bay,NA,2021-12-20 02:53:41,-22.9575,14.5053,62.1,94,89,6.91
285,Kruisfontein,ZA,2021-12-20 02:54:15,-34.0033,24.7314,62.89,95,100,8.99
286,Jumla,NP,2021-12-20 02:54:24,29.2747,82.1838,40.44,12,0,3.31
287,Eufaula,US,2021-12-20 02:49:45,31.8913,-85.1455,49.78,87,95,7.56
288,Wajir,KE,2021-12-20 02:54:24,1.7471,40.0573,76.44,81,100,9.51
289,Mehriz,IR,2021-12-20 02:54:25,31.5917,54.4318,43.3,58,78,5.03
290,Ishurdi,BD,2021-12-20 02:54:25,24.1333,89.0833,60.96,35,0,7.34
291,Kimbe,PG,2021-12-20 02:54:26,-5.5502,150.1429,78.84,90,100,2.08
292,Mahon,ES,2021-12-20 02:54:26,39.8885,4.2658,50.56,81,90,3.44
293,Tlanepantla,MX,2021-12-20 02:54:27,18.85,-97.9,60.21,70,64,6.11
294,Loralai,PK,2021-12-20 02:54:28,30.3705,68.598,46.4,29,0,1.25
295,Lakatoro,VU,2021-12-20 02:54:28,-16.0999,167.4164,84.58,68,93,7.49
296,Nador,MA,2021-12-20 02:54:29,35.174,-2.9287,55.65,94,20,0.0
297,Deputatskiy,RU,2021-12-20 02:53:46,69.3,139.9,-26.37,97,100,5.59
298,Tigre,AR,2021-12-20 02:54:30,-34.426,-58.5796,76.26,79,0,9.22
299,Lorengau,PG,2021-12-20 02:54:30,-2.0226,147.2712,83.37,80,100,12.12
300,Manacapuru,BR,2021-12-20 02:54:31,-3.2997,-60.6206,77.58,94,100,1.32
301,Sorland,NO,2021-12-20 02:50:38,67.667,12.6934,39.79,54,98,16.44
302,College,US,2021-12-20 02:52:08,64.8569,-147.8028,21.58,89,90,3.44
303,Mao,ES,2021-12-20 02:54:26,39.8885,4.2658,50.56,81,90,3.44
304,Batouri,CM,2021-12-20 02:54:33,4.4333,14.3667,67.44,48,2,2.59
305,Bowen,AU,2021-12-20 02:54:33,-20.0167,148.2333,88.02,63,12,14.94
306,Sedona,US,2021-12-20 02:54:34,34.8697,-111.761,43.86,56,0,1.01
307,Orapa,BW,2021-12-20 02:54:34,-21.2833,25.3667,63.63,80,82,12.1
308,Lata,PT,2021-12-20 02:54:35,40.1629,-8.3327,59.07,69,100,9.28
309,Labuhan,ID,2021-12-20 02:54:35,-6.8844,112.2051,82.89,75,100,4.43
310,Ciudad Bolivar,VE,2021-12-20 02:54:36,8.1222,-63.5497,75.97,86,90,10.36
311,Encruzilhada Do Sul,BR,2021-12-20 02:54:37,-30.5439,-52.5219,60.57,91,0,4.21
312,Necochea,AR,2021-12-20 02:54:37,-38.5473,-58.7368,61.56,88,0,5.99
313,Dalvik,IS,2021-12-20 02:54:38,65.9702,-18.5286,42.73,90,100,9.98
314,Saint-Francois,FR,2021-12-20 02:52:53,46.4154,3.9054,34.48,100,90,1.14
315,Abu Dhabi,AE,2021-12-20 02:54:38,24.4667,54.3667,67.96,75,0,5.75
316,Riachao Das Neves,BR,2021-12-20 02:53:31,-11.7461,-44.91,71.17,96,100,2.21
317,Iqaluit,CA,2021-12-20 02:54:39,63.7506,-68.5145,-4.27,70,20,5.99
318,Sao Jose Da Coroa Grande,BR,2021-12-20 02:53:35,-8.8978,-35.1478,78.62,79,87,8.5
319,Badiraguato,MX,2021-12-20 02:54:40,25.3667,-107.5167,59.7,50,0,3.89
320,Hovd,MN,2021-12-20 02:54:40,48.0056,91.6419,17.46,54,100,4.27
321,Feijo,BR,2021-12-20 02:53:10,-8.1642,-70.3536,74.77,98,100,2.8
322,Xique-Xique,BR,2021-12-20 02:54:41,-10.8218,-42.7263,76.08,79,100,5.55
323,Porto Walter,BR,2021-12-20 02:54:41,-8.2686,-72.7439,75.7,87,73,2.35
324,Hay River,CA,2021-12-20 02:54:42,60.8156,-115.7999,-4.02,77,75,3.44
325,Broken Hill,AU,2021-12-20 02:54:42,-31.95,141.4333,71.31,26,2,9.22
326,Baybay,PH,2021-12-20 02:54:43,10.6833,124.8333,84.7,70,87,4.34
327,Comodoro Rivadavia,AR,2021-12-20 02:53:48,-45.8667,-67.5,55.26,67,0,11.5
328,Sri Aman,MY,2021-12-20 02:52:54,1.2376,111.4621,82.45,78,20,4.61
329,Nelson Bay,AU,2021-12-20 02:54:44,-32.7167,152.15,92.75,65,92,3.0
330,Amlame,TG,2021-12-20 02:54:45,7.4667,0.9,71.58,33,33,3.27
331,Texarkana,US,2021-12-20 02:54:45,33.4251,-94.0477,41.23,77,3,1.01
332,Chimbote,PE,2021-12-20 02:54:46,-9.0853,-78.5783,66.94,84,91,5.97
333,Lindas,NO,2021-12-20 02:54:46,60.7381,5.16,33.49,73,29,6.42
334,Ilebo,CD,2021-12-20 02:54:48,-4.3167,20.5833,71.62,99,100,1.88
335,Ulaanbaatar,MN,2021-12-20 02:52:30,47.9077,106.8832,6.93,72,0,4.47
336,Richards Bay,ZA,2021-12-20 02:54:49,-28.783,32.0377,67.82,80,96,5.48
337,Mahibadhoo,MV,2021-12-20 02:54:49,3.7833,72.9667,82.89,73,100,17.34
338,Tyukalinsk,RU,2021-12-20 02:54:49,55.8732,72.1967,12.97,96,98,7.2
339,Waitati,NZ,2021-12-20 02:54:50,-45.75,170.5667,74.73,43,88,22.28
340,Bemidji,US,2021-12-20 02:50:43,47.4736,-94.8803,25.09,88,75,9.22
341,Kamenka,RU,2021-12-20 02:53:02,51.3223,42.7678,31.75,98,100,10.18
342,Ketchikan,US,2021-12-20 02:53:24,55.3422,-131.6461,25.2,71,8,6.04
343,Bulaevo,KZ,2021-12-20 02:54:51,54.9056,70.4439,16.18,96,100,5.91
344,Sorong,ID,2021-12-20 02:54:52,-0.8833,131.25,81.05,81,100,2.35
345,Manitouwadge,CA,2021-12-20 02:54:52,49.1215,-85.8403,30.92,90,100,17.65
346,Newport Beach,US,2021-12-20 02:54:53,33.6189,-117.9289,57.9,74,5,2.71
347,Klaksvik,FO,2021-12-20 02:53:08,62.2266,-6.589,41.92,82,100,10.87
348,Aguilas,ES,2021-12-20 02:54:53,37.4063,-1.5829,51.33,83,71,2.84
349,Itacare,BR,2021-12-20 02:54:54,-14.2775,-38.9967,75.33,90,100,1.99
350,Chicama,PE,2021-12-20 02:54:54,-7.8447,-79.1469,63.14,81,97,5.57
351,Alihe,CN,2021-12-20 02:54:55,50.5667,123.7167,10.54,84,100,3.85
352,Gallup,US,2021-12-20 02:54:55,35.5281,-108.7426,29.01,50,0,1.45
353,San Ramon De La Nueva Oran,AR,2021-12-20 02:54:56,-23.1322,-64.326,86.43,56,82,1.48
354,Kutoarjo,ID,2021-12-20 02:54:56,-7.7169,109.9128,84.16,91,100,4.36
355,Virarajendrapet,IN,2021-12-20 02:54:57,12.2,75.8,63.37,70,2,5.77
356,Yulin,CN,2021-12-20 02:54:57,22.6333,110.15,55.47,71,100,6.87
357,Saint-Joseph,RE,2021-12-20 02:54:58,-21.3667,55.6167,79.47,84,38,6.29
358,Warri,NG,2021-12-20 02:54:58,5.5167,5.75,73.31,60,3,2.19
359,Matara,LK,2021-12-20 02:54:59,5.9485,80.5353,78.91,82,32,4.68
360,Baracoa,CU,2021-12-20 02:55:00,20.3467,-74.4958,76.32,79,48,7.47
361,Taoudenni,ML,2021-12-20 02:55:00,22.6783,-3.9836,73.09,20,100,10.0
362,Victor Harbor,AU,2021-12-20 02:55:01,-35.5667,138.6167,77.2,53,4,9.62
363,Sabha,LY,2021-12-20 02:55:01,27.0377,14.4283,43.29,48,0,5.73
364,Katherine,AU,2021-12-20 02:52:52,-14.4667,132.2667,75.52,94,75,8.05
365,Sukhumi,GE,2021-12-20 02:55:02,43.0033,41.0153,49.44,83,100,5.3
366,Atar,MR,2021-12-20 02:54:01,20.5169,-13.0499,73.99,26,100,15.82
367,Ahipara,NZ,2021-12-20 02:55:03,-35.1667,173.1667,70.29,62,59,6.64
368,Roald,NO,2021-12-20 02:50:06,62.5833,6.1333,39.0,87,75,3.44
369,Salinopolis,BR,2021-12-20 02:55:04,-0.6136,-47.3561,79.74,85,100,10.09
370,Ancud,CL,2021-12-20 02:50:54,-41.8697,-73.8203,58.53,94,15,1.63
371,Huangchuan,CN,2021-12-20 02:55:05,32.1272,115.0394,56.43,24,94,12.01
372,Krasnoye,UA,2021-12-20 02:55:05,49.9145,24.6134,33.19,91,100,14.81
373,Collie,AU,2021-12-20 02:55:06,-33.3667,116.15,88.48,21,0,0.63
374,Kortkeros,RU,2021-12-20 02:55:06,61.8106,51.5806,0.18,96,99,7.4
375,Mount Gambier,AU,2021-12-20 02:53:26,-37.8333,140.7667,69.71,46,0,21.85
376,Vannes,FR,2021-12-20 02:55:07,47.8333,-2.5,41.29,96,1,11.05
377,Quelimane,MZ,2021-12-20 02:52:49,-17.8786,36.8883,75.15,94,75,5.99
378,Tortoli,IT,2021-12-20 02:55:08,39.9256,9.6572,50.27,49,0,3.94
379,Esperance,AU,2021-12-20 02:55:08,-33.8667,121.9,78.64,47,48,8.16
380,Alugan,PH,2021-12-20 02:55:09,12.2188,125.4808,81.91,82,66,9.22
381,Dawson Creek,CA,2021-12-20 02:51:19,55.7666,-120.2362,-4.04,84,1,2.3
382,Raymond,US,2021-12-20 02:55:09,43.9015,-70.4703,24.19,77,3,7.4
383,Shulan,CN,2021-12-20 02:55:10,44.4167,126.95,24.75,79,41,13.49
384,Drovyanaya,RU,2021-12-20 02:55:10,51.5833,113.0333,2.71,60,22,13.87
385,Podyuga,RU,2021-12-20 02:55:11,61.095,40.8647,1.26,94,100,9.89
386,Playa Vicente,MX,2021-12-20 02:55:11,17.8333,-95.8167,69.91,89,99,8.03
387,Yatou,CN,2021-12-20 02:55:12,37.15,122.3833,46.98,49,37,10.56
388,Te Anau,NZ,2021-12-20 02:53:29,-45.4167,167.7167,57.97,90,100,11.81
389,Aljezur,PT,2021-12-20 02:55:12,37.3191,-8.8033,60.26,93,100,11.03
390,Zhanaozen,KZ,2021-12-20 02:52:39,43.3,52.8,35.82,87,94,10.13
391,Tandalti,SD,2021-12-20 02:55:13,13.0167,31.8667,64.51,22,1,10.89
392,Dingle,PH,2021-12-20 02:55:14,10.9995,122.6711,84.79,72,54,10.56
393,Kalmunai,LK,2021-12-20 02:55:15,7.4167,81.8167,77.92,78,44,10.13
394,Acajutla,SV,2021-12-20 02:55:15,13.5928,-89.8275,78.37,84,46,6.15
395,Ilinskiy,RU,2021-12-20 02:55:16,55.619,38.1182,23.38,86,90,15.66
396,Kaeo,NZ,2021-12-20 02:53:33,-35.1,173.7833,71.85,58,72,8.14
397,Dongsheng,CN,2021-12-20 02:53:22,39.8161,109.9776,28.51,33,0,15.03
398,Torrington,US,2021-12-20 02:55:17,41.8007,-73.1212,26.42,83,10,3.0
399,Anloga,GH,2021-12-20 02:52:52,5.7947,0.8973,73.62,65,85,1.92
400,Raga,SS,2021-12-20 02:55:19,8.4596,25.678,69.03,32,58,4.34
401,Ambilobe,MG,2021-12-20 02:55:20,-13.2,49.05,77.54,90,73,1.34
402,Sonoita,MX,2021-12-20 02:55:20,31.85,-112.8333,58.53,32,0,1.5
403,Mantua,IT,2021-12-20 02:55:21,45.1667,10.7833,45.72,81,0,13.38
404,Salalah,OM,2021-12-20 02:55:21,17.0151,54.0924,67.78,80,11,4.83
405,Tabas,IR,2021-12-20 02:55:22,33.5959,56.9244,54.21,59,75,3.51
406,Tamandare,BR,2021-12-20 02:55:23,-8.7597,-35.1047,78.53,79,79,7.65
407,Cockburn Town,TC,2021-12-20 02:55:23,21.4612,-71.1419,78.94,78,15,17.16
408,Le Port,RE,2021-12-20 02:55:24,-20.9373,55.2919,80.89,94,14,7.9
409,Tsogni,GA,2021-12-20 02:55:24,-2.7942,10.0988,75.79,92,100,5.55
410,Yining,CN,2021-12-20 02:55:25,29.0361,114.5636,58.66,34,2,1.95
411,Tayud,PH,2021-12-20 02:55:25,10.3782,123.994,83.32,73,99,9.75
412,Qovlar,AZ,2021-12-20 02:55:26,40.948,45.735,34.65,71,94,4.74
413,Clyde River,CA,2021-12-20 02:55:26,70.4692,-68.5914,8.83,92,100,11.5
414,Gerash,IR,2021-12-20 02:55:27,27.6652,54.1371,48.34,62,100,2.24
415,Mehamn,NO,2021-12-20 02:55:28,71.0357,27.8492,28.06,65,100,15.08
416,Oktyabrskoye,RU,2021-12-20 02:55:29,43.0645,44.7417,28.54,92,19,2.24
417,Sangar,RU,2021-12-20 02:55:29,63.9242,127.4739,-31.38,96,100,1.39
418,Toora-Khem,RU,2021-12-20 02:55:30,52.4675,96.11,7.9,93,100,1.59
419,Tessalit,ML,2021-12-20 02:55:30,20.1986,1.0114,63.18,23,55,9.06
420,Guaimaro,CU,2021-12-20 02:55:31,21.05,-77.35,71.08,93,0,5.41
421,Kupino,RU,2021-12-20 02:55:31,54.3663,77.2981,7.93,100,97,5.53
422,Nemuro,JP,2021-12-20 02:53:56,43.3236,145.575,28.83,48,8,9.33
423,Ponta Delgada,PT,2021-12-20 02:52:50,37.7333,-25.6667,57.92,88,75,19.57
424,Hoopstad,ZA,2021-12-20 02:55:33,-27.8327,25.9083,59.95,81,29,3.89
425,Dalby,AU,2021-12-20 02:55:04,-27.1833,151.2667,86.7,36,100,2.28
426,Waddan,LY,2021-12-20 02:53:32,29.1614,16.139,44.06,63,0,4.16
427,Ahuimanu,US,2021-12-20 02:55:35,21.4447,-157.8378,76.14,72,75,14.97
428,Jaggayyapeta,IN,2021-12-20 02:55:35,16.9,80.1,68.25,57,3,3.98
429,Abonnema,NG,2021-12-20 02:55:37,4.7084,6.7931,76.19,61,1,3.18
430,Yerbogachen,RU,2021-12-20 02:55:37,61.2767,108.0108,-38.16,99,88,3.71
431,Kaspiyskiy,RU,2021-12-20 02:55:38,45.3929,47.3707,37.4,90,62,10.65
432,Mujiayingzi,CN,2021-12-20 02:55:39,42.1167,118.7833,32.0,39,0,11.9
433,Olbia,IT,2021-12-20 02:55:39,40.9214,9.4856,46.45,87,0,10.36
434,Derzhavinsk,KZ,2021-12-20 02:55:40,51.1,66.3167,28.42,96,100,10.76
435,Saint-Pierre,RE,2021-12-20 02:55:40,-21.3393,55.4781,80.56,83,90,3.44
436,Plettenberg Bay,ZA,2021-12-20 02:55:41,-34.0527,23.3716,64.49,94,97,8.66
437,Constitucion,CL,2021-12-20 02:52:56,-35.3333,-72.4167,57.67,81,48,11.27
438,Amahai,ID,2021-12-20 02:53:38,-3.3333,128.9167,85.71,69,100,2.48
439,Inuvik,CA,2021-12-20 02:55:42,68.3499,-133.7218,-1.34,81,75,9.22
440,Tezu,IN,2021-12-20 02:55:43,27.9167,96.1667,68.36,34,0,2.21
441,Qingdao,CN,2021-12-20 02:55:43,36.0986,120.3719,47.8,49,0,6.71
442,Kurmanayevka,RU,2021-12-20 02:55:44,52.5093,52.0675,26.71,92,100,22.79
443,Fasa,IR,2021-12-20 02:55:45,28.9383,53.6482,40.24,75,100,0.0
444,Port Hardy,CA,2021-12-20 02:55:45,50.6996,-127.4199,39.2,80,20,3.44
445,Brooks,CA,2021-12-20 02:55:46,50.5834,-111.8851,12.83,79,83,2.3
446,Tacuarembo,UY,2021-12-20 02:55:47,-31.7333,-55.9833,71.2,71,5,6.33
447,Royan,FR,2021-12-20 02:55:47,45.6285,-1.0281,34.09,84,0,8.46
448,Talcahuano,CL,2021-12-20 02:55:48,-36.7167,-73.1167,60.48,82,0,10.36
449,Griffith,US,2021-12-20 02:55:48,41.5284,-87.4237,32.9,84,1,1.01
450,Taltal,CL,2021-12-20 02:53:03,-25.4,-70.4833,64.87,81,97,2.37
451,Buin,CL,2021-12-20 02:55:49,-33.7333,-70.75,78.73,60,0,1.54
452,Tymovskoye,RU,2021-12-20 02:55:50,50.8456,142.655,6.82,82,74,3.8
453,Coahuayana,MX,2021-12-20 02:55:50,18.7333,-103.6833,74.34,77,63,1.7
454,Belmonte,BR,2021-12-20 02:55:51,-15.8631,-38.8828,77.5,90,100,2.75
455,Canmore,CA,2021-12-20 02:55:52,51.0834,-115.3521,9.25,78,100,2.3
456,Taksimo,RU,2021-12-20 02:54:02,56.3444,114.8794,-22.05,79,29,4.36
457,Grindavik,IS,2021-12-20 02:55:52,63.8424,-22.4338,43.27,100,90,6.91
458,Waingapu,ID,2021-12-20 02:54:10,-9.6567,120.2641,87.01,63,96,7.2
459,Chuguyevka,RU,2021-12-20 02:55:53,44.1653,133.8633,24.82,78,100,7.02
460,Port Blair,IN,2021-12-20 02:55:54,11.6667,92.75,81.57,71,64,8.34
461,Harper,LR,2021-12-20 02:55:54,4.375,-7.7169,79.25,84,61,9.01
462,Solnechnyy,RU,2021-12-20 02:55:55,50.7214,136.6319,-0.06,79,85,3.74
463,Careiro Da Varzea,BR,2021-12-20 02:55:55,-3.2003,-59.8119,79.41,95,100,2.17
464,Padina,RS,2021-12-20 02:55:56,45.1181,20.7272,38.77,78,99,14.14
465,Luderitz,NA,2021-12-20 02:52:34,-26.6481,15.1594,59.0,82,3,3.83
466,Jimenez,MX,2021-12-20 02:55:57,28.3333,-105.4,51.62,63,37,2.62
467,Kandrian,PG,2021-12-20 02:55:57,-6.2167,149.55,83.44,73,100,6.04
468,Gore,NZ,2021-12-20 02:55:58,-46.1028,168.9436,63.23,71,94,14.29
469,Kahului,US,2021-12-20 02:55:58,20.8947,-156.47,76.26,93,92,5.99
470,Healdsburg,US,2021-12-20 02:55:59,38.6105,-122.8692,47.64,82,86,3.76
471,Sabzevar,IR,2021-12-20 02:56:00,36.2126,57.6819,47.84,40,80,5.5
472,Makakilo City,US,2021-12-20 02:53:34,21.3469,-158.0858,74.95,73,40,13.8
473,Ucluelet,CA,2021-12-20 02:56:00,48.9329,-125.5528,37.09,86,22,8.37
474,Meulaboh,ID,2021-12-20 02:56:01,4.1363,96.1285,76.19,88,100,3.44
475,Pitimbu,BR,2021-12-20 02:56:01,-7.4706,-34.8086,79.39,77,54,9.46
476,Kita,ML,2021-12-20 02:56:02,13.0349,-9.4895,74.48,16,42,8.99
477,Laguna De Perlas,NI,2021-12-20 02:56:03,12.3429,-83.6712,76.32,90,69,8.14
478,San Andres,CO,2021-12-20 02:54:13,12.5847,-81.7006,82.42,78,20,11.5
479,Xinzhi,CN,2021-12-20 02:56:03,36.4989,111.7047,41.85,31,1,4.43
480,San Ramon,US,2021-12-20 02:53:28,37.7799,-121.978,48.11,90,20,1.01
481,Talnakh,RU,2021-12-20 02:52:20,69.4865,88.3972,-33.29,95,77,2.44
482,Belize,BZ,2021-12-20 02:56:04,17.25,-88.75,79.25,99,15,1.81
483,San Cristobal,VE,2021-12-20 02:56:05,7.7669,-72.225,69.98,93,87,1.63
484,Palora,EC,2021-12-20 02:56:06,-1.7,-77.9333,68.07,96,100,2.04
485,Berlevag,NO,2021-12-20 02:52:27,70.8578,29.0864,28.98,63,100,20.38
486,Tukrah,LY,2021-12-20 02:56:07,32.5341,20.5791,54.3,59,15,15.55
487,Baturaja,ID,2021-12-20 02:56:07,-4.1333,104.1667,83.46,71,100,1.59
488,High Rock,BS,2021-12-20 02:56:08,26.6208,-78.2833,75.22,80,1,11.99
489,Ternate,ID,2021-12-20 02:56:08,0.8,127.4,82.69,75,93,3.87
490,Palmer,US,2021-12-20 02:56:09,42.1584,-72.3287,27.09,66,5,3.0
491,Puerto Ayacucho,VE,2021-12-20 02:56:10,5.6639,-67.6236,78.51,75,83,8.32
492,Vanimo,PG,2021-12-20 02:56:10,-2.6741,141.3028,86.54,65,95,8.68
493,Northam,GB,2021-12-20 02:56:11,51.0333,-4.2167,43.02,98,70,16.44
494,Hualmay,PE,2021-12-20 02:56:11,-11.0964,-77.6139,67.05,85,15,6.78
495,San Quintin,MX,2021-12-20 02:56:12,30.4833,-115.95,56.79,61,2,4.0
496,Vytegra,RU,2021-12-20 02:56:12,61.0064,36.4481,2.73,87,100,10.25
497,Raudeberg,NO,2021-12-20 02:56:13,61.9875,5.1352,37.87,92,93,1.99
498,Nichinan,JP,2021-12-20 02:56:13,31.6,131.3667,52.75,51,14,3.74
499,Akyab,MM,2021-12-20 02:56:14,20.15,92.9,69.84,69,1,4.63
500,Bonnyville,CA,2021-12-20 02:56:14,54.2668,-110.735,6.12,98,32,6.64
501,Bouca,CF,2021-12-20 02:56:14,6.5105,18.2733,75.31,29,100,5.48
502,Bilibino,RU,2021-12-20 02:56:15,68.0546,166.4372,-25.58,99,100,6.82
503,Westport,US,2021-12-20 02:53:26,41.1415,-73.3579,30.97,68,4,3.0
504,Acapulco,MX,2021-12-20 02:50:44,16.8634,-99.8901,78.42,79,75,6.22
505,Mbeya,TZ,2021-12-20 02:56:16,-8.9,33.45,58.84,93,70,4.16
506,Achacachi,BO,2021-12-20 02:56:16,-16.05,-68.6833,45.54,87,100,6.11
507,Zabol,AF,2021-12-20 02:56:17,32.25,67.25,40.66,27,15,5.84
508,Rio Bananal,BR,2021-12-20 02:53:13,-19.265,-40.3333,68.94,94,100,4.68
509,Mendi,PG,2021-12-20 02:56:17,-6.1761,143.6513,70.95,50,84,8.19
510,Arroyo,ES,2021-12-20 02:56:17,41.6096,-4.7969,34.59,93,70,5.75
511,Jalingo,NG,2021-12-20 02:56:18,8.8833,11.3667,69.64,34,0,5.82
512,Teguldet,RU,2021-12-20 02:56:18,57.3064,88.1667,-8.01,91,100,9.4
513,Bereda,ES,2021-12-20 02:52:26,43.2686,-7.5406,49.87,91,88,0.89
514,Santa Flavia,IT,2021-12-20 02:56:19,38.085,13.5351,49.59,69,0,5.99
515,Shagonar,RU,2021-12-20 02:52:04,51.5333,92.8,7.05,94,100,1.66
516,Billings,US,2021-12-20 02:56:12,45.7833,-108.5007,22.93,80,90,17.27
517,Fortuna,US,2021-12-20 02:56:20,40.5982,-124.1573,54.66,84,20,8.01
518,Rurrenabaque,BO,2021-12-20 02:56:20,-14.4413,-67.5278,73.51,99,100,1.14
519,Humberto De Campos,BR,2021-12-20 02:56:21,-2.5983,-43.4611,78.8,81,90,5.23
520,Kibala,TD,2021-12-20 02:56:21,9.1104,18.3463,66.15,63,0,0.0
521,Yarada,IN,2021-12-20 02:56:22,17.65,83.2667,72.43,68,0,5.7
522,Rudbar,AF,2021-12-20 02:56:22,30.15,62.6,51.37,32,8,3.13
523,San Policarpo,PH,2021-12-20 02:56:23,12.1791,125.5072,82.15,81,71,9.51
524,Laguna,US,2021-12-20 02:54:08,38.421,-121.4238,46.22,89,40,4.61
525,Oum Hadjer,TD,2021-12-20 02:56:23,13.2954,19.6966,65.57,25,3,10.54
526,Stephenville,US,2021-12-20 02:56:24,32.2207,-98.2023,45.68,36,90,0.0
527,Sao Felix Do Xingu,BR,2021-12-20 02:52:03,-6.6447,-51.995,72.27,98,100,0.56
528,Bati,ET,2021-12-20 02:56:24,11.1833,40.0167,59.52,71,5,0.6
529,Havoysund,NO,2021-12-20 02:56:25,70.9963,24.6622,23.88,60,100,11.1
530,Staunton,US,2021-12-20 02:56:25,38.1496,-79.0717,32.18,63,1,5.75
531,Iglesias,IT,2021-12-20 02:56:26,39.3114,8.535,36.82,88,0,3.6
532,Bijie,CN,2021-12-20 02:56:26,27.3125,105.2942,36.43,92,100,4.38
533,Bojnurd,IR,2021-12-20 02:56:27,37.4747,57.329,26.55,93,0,4.61
534,Roma,US,2021-12-20 02:56:27,43.2128,-75.4557,25.65,90,9,2.06
535,Marystown,CA,2021-12-20 02:56:27,47.1666,-55.1483,24.85,100,94,10.54
536,Laela,TZ,2021-12-20 02:56:28,-8.5667,32.05,60.64,96,95,2.44
537,Carrollton,US,2021-12-20 02:56:28,32.9537,-96.8903,46.67,60,90,5.75
538,Kirove,UA,2021-12-20 02:56:29,47.6531,35.6951,38.23,87,100,13.02
539,Halifax,CA,2021-12-20 02:52:22,44.6453,-63.5724,28.42,89,23,3.0
540,Linxia,CN,2021-12-20 02:56:30,35.6003,103.2064,33.55,38,0,1.48
541,Sawai Madhopur,IN,2021-12-20 02:56:31,25.9833,76.3667,54.09,26,0,1.79
542,Port Lincoln,AU,2021-12-20 02:53:38,-34.7333,135.8667,70.47,51,16,9.73
543,Coxim,BR,2021-12-20 02:52:18,-18.5067,-54.76,75.42,94,100,4.92
544,Morro Bay,US,2021-12-20 02:53:44,35.3658,-120.8499,50.81,88,2,0.83
545,Waipawa,NZ,2021-12-20 02:56:32,-41.4122,175.5153,65.44,62,27,22.79
546,San Patricio,US,2021-12-20 02:56:32,28.017,-97.5169,51.84,57,100,11.92
547,Hammerfest,NO,2021-12-20 02:56:33,70.6634,23.6821,23.45,93,90,2.3
548,Jacqueville,CI,2021-12-20 02:56:33,5.2052,-4.4146,80.51,80,24,9.26
549,Araceli,PH,2021-12-20 02:56:34,10.5529,119.9913,82.38,78,67,13.98
550,Klyuchi,RU,2021-12-20 02:54:04,52.2667,79.1667,31.17,93,100,11.81
551,Melfi,IT,2021-12-20 02:56:35,40.9965,15.6514,37.4,78,0,8.84
552,Mahanoro,MG,2021-12-20 02:56:35,-19.9,48.8,73.89,91,99,8.84
553,Kalaleh,IR,2021-12-20 02:56:36,37.3807,55.4916,44.2,61,0,0.0
554,Santa Cruz,BO,2021-12-20 02:56:05,-17.8,-63.1667,76.46,88,90,4.61
555,Xuddur,SO,2021-12-20 02:56:37,4.1213,43.8894,70.95,82,66,12.12
556,Kashira,RU,2021-12-20 02:56:37,54.8444,38.1669,21.54,93,96,14.29
557,Kijang,KR,2021-12-20 02:52:33,35.2442,129.2139,46.13,56,8,14.72
558,Yantai,CN,2021-12-20 02:54:17,37.5333,121.4,46.0,44,29,8.63
559,Sabya,SA,2021-12-20 02:56:38,17.1495,42.6254,76.62,83,42,2.57
560,Zheleznodorozhnyy,RU,2021-12-20 02:56:39,55.7503,38.0042,23.22,94,100,11.92
561,Tonantins,BR,2021-12-20 02:56:39,-2.8731,-67.8022,75.13,98,100,2.26
562,Bay Roberts,CA,2021-12-20 02:56:40,47.5999,-53.2648,25.34,77,39,3.0
563,Hounde,BF,2021-12-20 02:56:41,11.5,-3.5167,70.99,18,1,8.52
564,Matay,EG,2021-12-20 02:56:41,28.419,30.7792,47.66,69,35,9.24
565,Ambulu,ID,2021-12-20 02:56:42,-8.345,113.6058,85.64,72,97,3.13
566,Qaqortoq,GL,2021-12-20 02:56:42,60.7167,-46.0333,34.81,64,100,16.15
567,Tres Arroyos,AR,2021-12-20 02:56:43,-38.3739,-60.2798,62.8,69,3,7.23
568,Dondo,MZ,2021-12-20 02:56:43,-19.6094,34.7431,70.39,88,96,5.53
569,Ishigaki,JP,2021-12-20 02:56:44,24.3448,124.1572,71.73,53,40,10.36
570,Portland,US,2021-12-20 02:53:26,45.5234,-122.6762,42.24,94,90,1.99
571,Mchinji,MW,2021-12-20 02:56:46,-13.7984,32.8802,64.15,98,100,3.74
572,Maridi,SS,2021-12-20 02:56:46,4.9158,29.4742,70.32,49,95,3.56
573,Kotma,IN,2021-12-20 02:56:47,23.2,81.9667,51.96,32,0,3.24
574,Sinnamary,GF,2021-12-20 02:56:47,5.3833,-52.95,77.92,88,84,6.53
575,Rafaela,AR,2021-12-20 02:56:48,-31.2503,-61.4867,81.05,52,80,3.0
576,Broome,US,2021-12-20 02:56:49,42.2506,-75.833,26.62,75,81,3.0
577,Bathsheba,BB,2021-12-20 02:56:49,13.2167,-59.5167,79.41,73,20,24.16
578,Enterprise,US,2021-12-20 02:56:50,36.0252,-115.2419,44.73,43,0,4.0
579,Druzhba,UA,2021-12-20 02:56:50,52.0428,33.9453,28.47,95,93,13.49
